epoch_ms,rss_kb,heap_used_bytes,heap_committed_bytes
1790795862201,790092,311780208,528482304
1790795863237,838912,49997824,528482304
1790795864304,854604,200992768,528482304
1790795865388,869440,212185536,528482304
1790795866442,873584,128123024,528482304
1790795867488,863108,316131784,528482304
1790795868528,870392,294960128,528482304
1790795869576,870932,205693344,528482304
1790795870622,870976,212975032,528482304
1790795871660,871156,165825816,528482304
1790795872698,851448,159557704,528482304
1790795873738,851496,144882240,528482304
1790795874777,851552,106080240,528482304
1790795875837,851604,77840952,528482304
1790795876879,851616,63130776,528482304
1790795877918,851640,83056312,528482304
1790795878984,851652,111402112,528482304
1790795880036,851672,97739056,528482304
1790795881079,851692,342077248,528482304
1790795882125,851732,357819616,528482304
1790795883165,851792,54790784,528482304
1790795884230,851812,73705744,528482304
1790795885288,851832,109349920,528482304
1790795886336,851852,98848360,528482304
1790795887392,851864,67394416,528482304
1790795888435,851872,74758184,528482304
1790795889481,851892,75811792,528482304
1790795890525,851900,55896448,528482304
1790795891564,851912,170157296,528482304
1790795892602,851920,306491192,528482304
1790795893645,852092,195383616,528482304
1790795894689,852108,212203904,528482304
1790795895733,852128,136710576,528482304
1790795896776,852136,129378640,528482304
1790795897819,852152,317080376,528482304
1790795898881,852168,300317744,528482304
1790795899926,852224,334917200,528482304
1790795900981,852236,70666320,528482304
1790795902021,852244,69603712,528482304
1790795903061,852304,86435584,528482304
1790795904110,852324,65460288,528482304
1790795905165,852336,82209328,528482304
1790795906214,852344,108391368,528482304
1790795907262,852368,146189520,528482304
1790795908315,852380,166137680,528482304
1790795909356,852408,183962840,528482304
1790795910403,852416,155680216,528482304
1790795911447,852416,197598112,528482304
1790795912484,852432,208110720,528482304
1790795913524,852436,222783760,528482304
1790795914568,852440,239525432,528482304
1790795915617,852444,216487728,528482304
1790795916665,852456,218572976,528482304
1790795917707,852460,236417088,528482304
1790795918745,852468,235332024,528482304
1790795919783,852468,256366720,528482304
1790795920831,852476,275215312,528482304
1790795921905,852484,259481616,528482304
